Series Name,Series Code,Country Name,Country Code,1990 [YR1990],2000 [YR2000],2011 [YR2011],2012 [YR2012],2013 [YR2013],2014 [YR2014],2015 [YR2015],2016 [YR2016],2017 [YR2017],2018 [YR2018],2019 [YR2019],2020 [YR2020]
Time required to start a business (days),IC.REG.DURS,Afghanistan,AFG,..,..,9.5,9.5,6.5,8.5,8.5,8.5,8.5,8.5,8.5,..
Time required to start a business (days),IC.REG.DURS,Albania,ALB,..,..,6,5,5,5,5,5,5,4.5,4.5,..
Time required to start a business (days),IC.REG.DURS,Algeria,DZA,..,..,22,22,22,20,18,18,18,18,18,..
Time required to start a business (days),IC.REG.DURS,American Samoa,ASM,..,..,..,..,..,..,..,..,..,..,..,..
Time required to start a business (days),IC.REG.DURS,Andorra,AND,..,..,..,..,..,..,..,..,..,..,..,..
Time required to start a business (days),IC.REG.DURS,Angola,AGO,..,..,66,66,66,66,36,36,36,36,36,..
Time required to start a business (days),IC.REG.DURS,Antigua and Barbuda,ATG,..,..,22,22,22,22,22,22,22,22,19,..
Time required to start a business (days),IC.REG.DURS,Argentina,ARG,..,..,24.5,24.5,24.5,24.5,24.5,24.5,24.5,11,11.5,..
Time required to start a business (days),IC.REG.DURS,Armenia,ARM,..,..,8,8,5,5,5,5,5,4,4,..
Time required to start a business (days),IC.REG.DURS,Aruba,ABW,..,..,..,..,..,..,..,..,..,..,..,..
Time required to start a business (days),IC.REG.DURS,Australia,AUS,..,..,2.5,2.5,2.5,2.5,2.5,2.5,2.5,2.5,2,..
Time required to start a business (days),IC.REG.DURS,Austria,AUT,..,..,25,25,25,22,22,21,21,21,21,..
Time required to start a business (days),IC.REG.DURS,Azerbaijan,AZE,..,..,8,8,7,5.5,3.5,3.5,3.5,3.5,3.5,..
Time required to start a business (days),IC.REG.DURS,"Bahamas, The",BHS,..,..,23.5,23.5,23.5,23.5,28.5,21.5,21.5,21.5,11.5,..
Time required to start a business (days),IC.REG.DURS,Bahrain,BHR,..,..,9.3,9.3,9.3,9.3,9.4,8.3,8.3,8.3,8.3,..
Time required to start a business (days),IC.REG.DURS,Bangladesh,BGD,..,..,..,..,21.8,19.5,19.5,19.5,19.5,19.5,19.5,..
Time required to start a business (days),IC.REG.DURS,Barbados,BRB,..,..,18,18,18,19,19,16,16,16,16,..
Time required to start a business (days),IC.REG.DURS,Belarus,BLR,..,..,13,13,12,12,9,9,9,9,8.5,..
Time required to start a business (days),IC.REG.DURS,Belgium,BEL,..,..,4.5,4.5,4.5,4.5,4.5,4.5,4.5,4.5,5,..
Time required to start a business (days),IC.REG.DURS,Belize,BLZ,..,..,43,43,43,43,43,43,48,48,48,..
Time required to start a business (days),IC.REG.DURS,Benin,BEN,..,..,32.5,29.5,18.5,12.5,12.5,8.5,8.5,8.5,8.5,..
Time required to start a business (days),IC.REG.DURS,Bermuda,BMU,..,..,..,..,..,..,..,..,..,..,..,..
Time required to start a business (days),IC.REG.DURS,Bhutan,BTN,..,..,35,35,30,15,15,15,12,12,12,..
Time required to start a business (days),IC.REG.DURS,Bolivia,BOL,..,..,49,49,49,49,49,45,41,39.5,39.5,..
Time required to start a business (days),IC.REG.DURS,Bosnia and Herzegovina,BIH,..,..,85,82,82,82,82,80,80,80,80,..
Time required to start a business (days),IC.REG.DURS,Botswana,BWA,..,..,40,40,41,48,48,48,48,48,48,..
Time required to start a business (days),IC.REG.DURS,Brazil,BRA,..,..,..,..,86.6,83.6,86,82.5,82.5,20.1,16.6,..
Time required to start a business (days),IC.REG.DURS,British Virgin Islands,VGB,..,..,..,..,..,..,..,..,..,..,..,..
Time required to start a business (days),IC.REG.DURS,Brunei Darussalam,BRN,..,..,104.5,104.5,104.5,104.5,14.5,14.5,12.5,5.5,5.5,..
Time required to start a business (days),IC.REG.DURS,Bulgaria,BGR,..,..,25,25,25,25,25,23,23,23,23,..
Time required to start a business (days),IC.REG.DURS,Burkina Faso,BFA,..,..,13,13,13,13,13,13,13,13,13,..
Time required to start a business (days),IC.REG.DURS,Burundi,BDI,..,..,13,7,5,5,4,4,4,5,5,..
Time required to start a business (days),IC.REG.DURS,Cabo Verde,CPV,..,..,18,18,18,18,18,18,18,18,9,..
Time required to start a business (days),IC.REG.DURS,Cambodia,KHM,..,..,102,102,101,101,87,99,99,99,99,..
Time required to start a business (days),IC.REG.DURS,Cameroon,CMR,..,..,16.5,16.5,16.5,16.5,16.5,16.5,16.5,13.5,13.5,..
Time required to start a business (days),IC.REG.DURS,Canada,CAN,..,..,5.5,5.5,5.5,5.5,1.5,1.5,1.5,1.5,1.5,..
Time required to start a business (days),IC.REG.DURS,Cayman Islands,CYM,..,..,..,..,..,..,..,..,..,..,..,..
Time required to start a business (days),IC.REG.DURS,Central African Republic,CAF,..,..,22,22,22,22,22,22,22,22,22,..
Time required to start a business (days),IC.REG.DURS,Chad,TCD,..,..,53,60,60,60,60,60,60,58,58,..
Time required to start a business (days),IC.REG.DURS,Channel Islands,CHI,..,..,..,..,..,..,..,..,..,..,..,..
Time required to start a business (days),IC.REG.DURS,Chile,CHL,..,..,9.5,7.5,7.5,7.5,7.5,7.5,7.5,6,4,..
Time required to start a business (days),IC.REG.DURS,China,CHN,..,..,..,..,32.3,29.3,29.3,26.9,22.9,8.5,8.5,..
Time required to start a business (days),IC.REG.DURS,Colombia,COL,..,..,11,12,12,12,12,11,11,11,10,..
Time required to start a business (days),IC.REG.DURS,Comoros,COM,..,..,22,20,16,16,16,16,16,16,16,..
Time required to start a business (days),IC.REG.DURS,"Congo, Dem. Rep.",COD,..,..,65.5,58.5,31.5,16.5,11.5,11.5,7,7,7,..
Time required to start a business (days),IC.REG.DURS,"Congo, Rep.",COG,..,..,158.5,158.5,98.5,50.5,50.5,50.5,49.5,49.5,49.5,..
Time required to start a business (days),IC.REG.DURS,Costa Rica,CRI,..,..,73.5,57.5,23,23,23,22.5,22.5,23,23,..
Time required to start a business (days),IC.REG.DURS,Cote d'Ivoire,CIV,..,..,32,32,8,7,7,7,8,6,6,..
Time required to start a business (days),IC.REG.DURS,Croatia,HRV,..,..,20,22.5,22.5,22.5,22.5,22.5,22.5,22.5,19.5,..
Time required to start a business (days),IC.REG.DURS,Cuba,CUB,..,..,..,..,..,..,..,..,..,..,..,..
Time required to start a business (days),IC.REG.DURS,Curacao,CUW,..,..,..,..,..,..,..,..,..,..,..,..
Time required to start a business (days),IC.REG.DURS,Cyprus,CYP,..,..,8,8,8,8,8,6,6,6,6,..
Time required to start a business (days),IC.REG.DURS,Czech Republic,CZE,..,..,30.5,30.5,30.5,30.5,30.5,24.5,24.5,24.5,24.5,..
Time required to start a business (days),IC.REG.DURS,Denmark,DNK,..,..,6,6,6,6,3.5,3.5,3.5,3.5,3.5,..
Time required to start a business (days),IC.REG.DURS,Djibouti,DJI,..,..,37,37,17,14,14,14,14,14,14,..
Time required to start a business (days),IC.REG.DURS,Dominica,DMA,..,..,12,12,12,12,12,12,12,12,12,..
Time required to start a business (days),IC.REG.DURS,Dominican Republic,DOM,..,..,14.5,14.5,14.5,14.5,14.5,18.5,16.5,16.5,16.5,..
Time required to start a business (days),IC.REG.DURS,Ecuador,ECU,..,..,55.5,55.5,55.5,55.5,50.5,48.5,48.5,48.5,48.5,..
Time required to start a business (days),IC.REG.DURS,"Egypt, Arab Rep.",EGY,..,..,12.5,12.5,12.5,12.5,16.5,16.5,16.5,11.5,12.5,..
Time required to start a business (days),IC.REG.DURS,El Salvador,SLV,..,..,16.5,16.5,16.5,16.5,16.5,16.5,16.5,16.5,16.5,..
Time required to start a business (days),IC.REG.DURS,Equatorial Guinea,GNQ,..,..,150,150,150,150,150,149,33,33,33,..
Time required to start a business (days),IC.REG.DURS,Eritrea,ERI,..,..,84,84,84,84,84,84,84,84,84,..
Time required to start a business (days),IC.REG.DURS,Estonia,EST,..,..,6.5,6.5,6.5,4.5,3.5,3.5,3.5,3.5,3.5,..
Time required to start a business (days),IC.REG.DURS,Eswatini,SWZ,..,..,56,56,38,30,30,30,30,30,21.5,..
Time required to start a business (days),IC.REG.DURS,Ethiopia,ETH,..,..,40,40,39,39,35,35,33,32,32,..
Time required to start a business (days),IC.REG.DURS,Faroe Islands,FRO,..,..,..,..,..,..,..,..,..,..,..,..
Time required to start a business (days),IC.REG.DURS,Fiji,FJI,..,..,44,58,58,58,58,40,40,40,40,..
Time required to start a business (days),IC.REG.DURS,Finland,FIN,..,..,17,17,17,17,17,17,17,17,13,..
Time required to start a business (days),IC.REG.DURS,France,FRA,..,..,6.5,6.5,6.5,4.5,4,3.5,3.5,3.5,4,..
Time required to start a business (days),IC.REG.DURS,French Polynesia,PYF,..,..,..,..,..,..,..,..,..,..,..,..
Time required to start a business (days),IC.REG.DURS,Gabon,GAB,..,..,54,54,47,47,47,47,33,31,10,..
Time required to start a business (days),IC.REG.DURS,"Gambia, The",GMB,..,..,27,27,27,26,25,25,25,25,8,..
Time required to start a business (days),IC.REG.DURS,Georgia,GEO,..,..,2,2,2,2,2,2,2,2,1,..
Time required to start a business (days),IC.REG.DURS,Germany,DEU,..,..,14.5,14.5,14.5,14.5,10.5,8,8,8,8,..
Time required to start a business (days),IC.REG.DURS,Ghana,GHA,..,..,11,11,14,14,14,14,14,14,13,..
Time required to start a business (days),IC.REG.DURS,Gibraltar,GIB,..,..,..,..,..,..,..,..,..,..,..,..
Time required to start a business (days),IC.REG.DURS,Greece,GRC,..,..,11,11,14,13,13,13,12.5,12.5,4,..
Time required to start a business (days),IC.REG.DURS,Greenland,GRL,..,..,..,..,..,..,..,..,..,..,..,..
Time required to start a business (days),IC.REG.DURS,Grenada,GRD,..,..,14,14,15,15,15,15,15,15,12,..
Time required to start a business (days),IC.REG.DURS,Guam,GUM,..,..,..,..,..,..,..,..,..,..,..,..
Time required to start a business (days),IC.REG.DURS,Guatemala,GTM,..,..,36,36,26.5,26.5,26.5,26.5,26.5,15,15,..
Time required to start a business (days),IC.REG.DURS,Guinea,GIN,..,..,40,43,23,15,15,15,15,15,15,..
Time required to start a business (days),IC.REG.DURS,Guinea-Bissau,GNB,..,..,8.5,8.5,8.5,8.5,8.5,8.5,8.5,8.5,8.5,..
Time required to start a business (days),IC.REG.DURS,Guyana,GUY,..,..,19,18,18,18,18,18,18,18,18,..
Time required to start a business (days),IC.REG.DURS,Haiti,HTI,..,..,134,134,97,97,97,97,97,97,97,..
Time required to start a business (days),IC.REG.DURS,Honduras,HND,..,..,43,43,43,43,41,42,42,42,42,..
Time required to start a business (days),IC.REG.DURS,"Hong Kong SAR, China",HKG,..,..,2.5,2.5,2.5,2.5,1.5,1.5,1.5,1.5,1.5,..
Time required to start a business (days),IC.REG.DURS,Hungary,HUN,..,..,5,7,7,7,7,7,7,7,7,..
Time required to start a business (days),IC.REG.DURS,Iceland,ISL,..,..,4.5,4.5,4.5,12,12,11.5,11.5,11.5,11.5,..
Time required to start a business (days),IC.REG.DURS,India,IND,..,..,..,..,32.7,35,30,28.5,29.8,16.5,17.5,..
Time required to start a business (days),IC.REG.DURS,Indonesia,IDN,..,..,..,..,77,53.9,49.3,26.3,24.5,21,12.6,..
Time required to start a business (days),IC.REG.DURS,"Iran, Islamic Rep.",IRN,..,..,64.5,73.5,73.5,72.5,72.5,72.5,72.5,72.5,72.5,..
Time required to start a business (days),IC.REG.DURS,Iraq,IRQ,..,..,30.5,27.5,27.5,27.5,34.5,34.5,26.5,26.5,26.5,..
Time required to start a business (days),IC.REG.DURS,Ireland,IRL,..,..,19,16,16,12,12,11,11,11,11,..
Time required to start a business (days),IC.REG.DURS,Isle of Man,IMN,..,..,..,..,..,..,..,..,..,..,..,..
Time required to start a business (days),IC.REG.DURS,Israel,ISR,..,..,18,19,12,12,12,11,11,11,11,..
Time required to start a business (days),IC.REG.DURS,Italy,ITA,..,..,12.5,12.5,12.5,11.5,11,11,11,11,11,..
Time required to start a business (days),IC.REG.DURS,Jamaica,JAM,..,..,7,7,6,15,3,10,3,3,3,..
Time required to start a business (days),IC.REG.DURS,Japan,JPN,..,..,..,..,11.6,11.1,11.2,11.1,11.1,11.1,11.1,..
Time required to start a business (days),IC.REG.DURS,Jordan,JOR,..,..,12.5,12.5,12.5,12.5,12.5,12.5,12.5,12.5,12.5,..
Time required to start a business (days),IC.REG.DURS,Kazakhstan,KAZ,..,..,25,25,18,16,11,9,9,5,5,..
Time required to start a business (days),IC.REG.DURS,Kenya,KEN,..,..,35,34,34,32,28,22,23,23,23,..
Time required to start a business (days),IC.REG.DURS,Kiribati,KIR,..,..,31,31,31,31,31,31,31,31,31,..
Time required to start a business (days),IC.REG.DURS,"Korea, Dem. People's Rep.",PRK,..,..,..,..,..,..,..,..,..,..,..,..
Time required to start a business (days),IC.REG.DURS,"Korea, Rep.",KOR,..,..,9,8,8,8,8,8,8,8,8,..
Time required to start a business (days),IC.REG.DURS,Kosovo,XKX,..,..,58,51,29,10,10,6,5.5,5.5,4.5,..
Time required to start a business (days),IC.REG.DURS,Kuwait,KWT,..,..,32.4,32.4,32.4,31.4,31.4,61.4,38.4,35.4,19.4,..
Time required to start a business (days),IC.REG.DURS,Kyrgyz Republic,KGZ,..,..,14,14,10,10,10,10,10,10,10,..
Time required to start a business (days),IC.REG.DURS,Lao PDR,LAO,..,..,78,88,88,88,187,174,174,174,173,..
Time required to start a business (days),IC.REG.DURS,Latvia,LVA,..,..,15.5,15.5,12.5,12.5,5.5,5.5,5.5,5.5,5.5,..
Time required to start a business (days),IC.REG.DURS,Lebanon,LBN,..,..,15,15,15,15,15,15,15,15,15,..
Time required to start a business (days),IC.REG.DURS,Lesotho,LSO,..,..,39,29,29,29,29,29,29,29,15,..
Time required to start a business (days),IC.REG.DURS,Liberia,LBR,..,..,7,7,6,6,6,6,6,18,18,..
Time required to start a business (days),IC.REG.DURS,Libya,LBY,..,..,..,35,35,35,35,35,35,35,35,..
Time required to start a business (days),IC.REG.DURS,Liechtenstein,LIE,..,..,..,..,..,..,..,..,..,46,46,..
Time required to start a business (days),IC.REG.DURS,Lithuania,LTU,..,..,22,19.5,8.5,5.5,5.5,5.5,5.5,5.5,5.5,..
Time required to start a business (days),IC.REG.DURS,Luxembourg,LUX,..,..,16.5,16.5,16.5,16.5,16.5,16.5,16.5,16.5,16.5,..
Time required to start a business (days),IC.REG.DURS,"Macao SAR, China",MAC,..,..,..,..,..,..,..,..,..,..,..,..
Time required to start a business (days),IC.REG.DURS,Madagascar,MDG,..,..,12,12,12,12,13,12,8,8,8,..
Time required to start a business (days),IC.REG.DURS,Malawi,MWI,..,..,36,37,40,38,38,37,37,37,37,..
Time required to start a business (days),IC.REG.DURS,Malaysia,MYS,..,..,8.5,9.5,9.5,7.5,7.5,23.5,23.5,13.5,17.5,..
Time required to start a business (days),IC.REG.DURS,Maldives,MDV,..,..,12,12,12,12,12,12,12,12,12,..
Time required to start a business (days),IC.REG.DURS,Mali,MLI,..,..,8,8,11,11,8.5,8.5,11,11,11,..
Time required to start a business (days),IC.REG.DURS,Malta,MLT,..,..,38.5,38.5,38.5,33.5,28,26,16,16,20.5,..
Time required to start a business (days),IC.REG.DURS,Marshall Islands,MHL,..,..,17,17,17,17,17,17,17,17,17,..
Time required to start a business (days),IC.REG.DURS,Mauritania,MRT,..,..,19,19,19,8,8,8,6,6,6,..
Time required to start a business (days),IC.REG.DURS,Mauritius,MUS,..,..,6.5,6.5,6.5,6.5,6.5,6.5,5.5,5,4.5,..
Time required to start a business (days),IC.REG.DURS,Mexico,MEX,..,..,..,..,8.4,8.4,8.4,8.4,8.4,8.4,8.4,..
Time required to start a business (days),IC.REG.DURS,"Micronesia, Fed. Sts.",FSM,..,..,16,16,16,16,16,16,16,16,16,..
Time required to start a business (days),IC.REG.DURS,Moldova,MDA,..,..,9,9,7,7,6,6,5,4,4,..
Time required to start a business (days),IC.REG.DURS,Monaco,MCO,..,..,..,..,..,..,..,..,..,..,..,..
Time required to start a business (days),IC.REG.DURS,Mongolia,MNG,..,..,17,16,16,16,12,12,12,12,12,..
Time required to start a business (days),IC.REG.DURS,Montenegro,MNE,..,..,12,12,12,12,12,12,12,12,12,..
Time required to start a business (days),IC.REG.DURS,Morocco,MAR,..,..,12,12,11.5,11.5,10.5,10,9,9,9,..
Time required to start a business (days),IC.REG.DURS,Mozambique,MOZ,..,..,21,21,21,21,21,21,17,17,17,..
Time required to start a business (days),IC.REG.DURS,Myanmar,MMR,..,..,..,77,77,77,16,14,14,14,7,..
Time required to start a business (days),IC.REG.DURS,Namibia,NAM,..,..,66,66,66,66,66,66,54,54,54,..
Time required to start a business (days),IC.REG.DURS,Nauru,NRU,..,..,..,..,..,..,..,..,..,..,..,..
Time required to start a business (days),IC.REG.DURS,Nepal,NPL,..,..,29,29,17,17,17,17,18.5,18.5,22.5,..
Time required to start a business (days),IC.REG.DURS,Netherlands,NLD,..,..,8,5,4,3.5,3.5,3.5,3.5,3.5,3.5,..
Time required to start a business (days),IC.REG.DURS,New Caledonia,NCL,..,..,..,..,..,..,..,..,..,..,..,..
Time required to start a business (days),IC.REG.DURS,New Zealand,NZL,..,..,0.5,0.5,0.5,0.5,0.5,0.5,0.5,0.5,0.5,..
Time required to start a business (days),IC.REG.DURS,Nicaragua,NIC,..,..,39,39,37,14,14,14,14,14,14,..
Time required to start a business (days),IC.REG.DURS,Niger,NER,..,..,18,18,18,16,16,11,8,10,10,..
Time required to start a business (days),IC.REG.DURS,Nigeria,NGA,..,..,..,..,30.3,30.3,30.3,24.9,18.9,10.9,7.2,..
Time required to start a business (days),IC.REG.DURS,North Macedonia,MKD,..,..,16,15,15,15,15,15,15,15,15,..
Time required to start a business (days),IC.REG.DURS,Northern Mariana Islands,MNP,..,..,..,..,..,..,..,..,..,..,..,..
Time required to start a business (days),IC.REG.DURS,Norway,NOR,..,..,6,6,6,5,4,4,4,4,4,..
Time required to start a business (days),IC.REG.DURS,Oman,OMN,..,..,9.3,9.3,9.3,9.3,9.3,7.3,4.3,4.3,4.3,..
Time required to start a business (days),IC.REG.DURS,Pakistan,PAK,..,..,..,..,20,20,20,20,19.5,16.5,16.5,..
Time required to start a business (days),IC.REG.DURS,Palau,PLW,..,..,28,28,28,28,28,28,28,28,28,..
Time required to start a business (days),IC.REG.DURS,Panama,PAN,..,..,8,7,6,6,6,6,6,6,6,..
Time required to start a business (days),IC.REG.DURS,Papua New Guinea,PNG,..,..,52,52,53,53,53,41,41,41,41,..
Time required to start a business (days),IC.REG.DURS,Paraguay,PRY,..,..,35,35,35,35,35,35,35,35,35,..
Time required to start a business (days),IC.REG.DURS,Peru,PER,..,..,41.5,41.5,41.5,41.5,41.5,41,41,26,26,..
Time required to start a business (days),IC.REG.DURS,Philippines,PHL,..,..,28,28,28,26,25,25,39,34,33,..
Time required to start a business (days),IC.REG.DURS,Poland,POL,..,..,39,39,37,37,37,37,37,37,37,..
Time required to start a business (days),IC.REG.DURS,Portugal,PRT,..,..,7,7,6,6,6,6,6.5,6.5,6.5,..
Time required to start a business (days),IC.REG.DURS,Puerto Rico,PRI,..,..,6,6,6,6,6,5.5,5.5,5.5,5.5,..
Time required to start a business (days),IC.REG.DURS,Qatar,QAT,..,..,9.7,9.7,9.7,9.7,9.7,9.7,9.7,8.7,8.7,..
Time required to start a business (days),IC.REG.DURS,Romania,ROU,..,..,12,8,8,8,8,12,12,35,20,..
Time required to start a business (days),IC.REG.DURS,Russian Federation,RUS,..,..,..,..,13.2,11.5,10.8,10.1,10.1,10.1,10.1,..
Time required to start a business (days),IC.REG.DURS,Rwanda,RWA,..,..,7,8,7,7,6,4,4,4,4,..
Time required to start a business (days),IC.REG.DURS,Samoa,WSM,..,..,9,9,9,9,9,9,9,9,9,..
Time required to start a business (days),IC.REG.DURS,San Marino,SMR,..,..,..,41,41,36,12.5,12.5,12.5,12.5,11.5,..
Time required to start a business (days),IC.REG.DURS,Sao Tome and Principe,STP,..,..,11,8,8,7,7,7,7,7,7,..
Time required to start a business (days),IC.REG.DURS,Saudi Arabia,SAU,..,..,27.3,24.3,24.8,24.8,23.3,19.3,17.8,17.8,10.4,..
Time required to start a business (days),IC.REG.DURS,Senegal,SEN,..,..,6,6,6,6,6,6,6,6,6,..
Time required to start a business (days),IC.REG.DURS,Serbia,SRB,..,..,13,12,12,11.5,11.5,6.5,5.5,5.5,7,..
Time required to start a business (days),IC.REG.DURS,Seychelles,SYC,..,..,33,33,32,32,32,32,32,32,32,..
Time required to start a business (days),IC.REG.DURS,Sierra Leone,SLE,..,..,12,12,12,12,10,8,8,8,8,..
Time required to start a business (days),IC.REG.DURS,Singapore,SGP,..,..,2.5,2.5,2.5,2.5,2.5,2.5,2.5,1.5,1.5,..
Time required to start a business (days),IC.REG.DURS,Sint Maarten (Dutch part),SXM,..,..,..,..,..,..,..,..,..,..,..,..
Time required to start a business (days),IC.REG.DURS,Slovak Republic,SVK,..,..,28.5,28.5,33.5,26.5,26.5,26.5,26.5,26.5,21.5,..
Time required to start a business (days),IC.REG.DURS,Slovenia,SVN,..,..,6,6,6,6,6,6,6,8,8,..
Time required to start a business (days),IC.REG.DURS,Solomon Islands,SLB,..,..,41,7,9,9,9,9,9,9,9,..
Time required to start a business (days),IC.REG.DURS,Somalia,SOM,..,..,..,..,..,..,70,70,70,70,70,..
Time required to start a business (days),IC.REG.DURS,South Africa,ZAF,..,..,45,45,45,46,46,45,45,40,40,..
Time required to start a business (days),IC.REG.DURS,South Sudan,SSD,..,..,..,14,14,14,14,14,13,13,13,..
Time required to start a business (days),IC.REG.DURS,Spain,ESP,..,..,29,30,24,14,14,13,13,12.5,12.5,..
Time required to start a business (days),IC.REG.DURS,Sri Lanka,LKA,..,..,35,11,11,11,10,9,9,9,8,..
Time required to start a business (days),IC.REG.DURS,St. Kitts and Nevis,KNA,..,..,19,19,18.5,18.5,18.5,18.5,18.5,18.5,18.5,..
Time required to start a business (days),IC.REG.DURS,St. Lucia,LCA,..,..,11,11,11,11,11,11,11,11,11,..
Time required to start a business (days),IC.REG.DURS,St. Martin (French part),MAF,..,..,..,..,..,..,..,..,..,..,..,..
Time required to start a business (days),IC.REG.DURS,St. Vincent and the Grenadines,VCT,..,..,10,10,10,10,10,10,10,10,10,..
Time required to start a business (days),IC.REG.DURS,Sudan,SDN,..,..,36.5,36.5,36.5,36.5,36.5,36.5,36.5,34.5,34.5,..
Time required to start a business (days),IC.REG.DURS,Suriname,SUR,..,..,690,690,204,84,84,66,66,66,66,..
Time required to start a business (days),IC.REG.DURS,Sweden,SWE,..,..,16,16,16,16,7,7,7,7.5,7.5,..
Time required to start a business (days),IC.REG.DURS,Switzerland,CHE,..,..,18,18,18,10,10,10,10,10,10,..
Time required to start a business (days),IC.REG.DURS,Syrian Arab Republic,SYR,..,..,13.5,13.5,13.5,13.5,13.5,15.5,15.5,15.5,15.5,..
Time required to start a business (days),IC.REG.DURS,Tajikistan,TJK,..,..,13,13,22,28,11,21,10,10,7,..
Time required to start a business (days),IC.REG.DURS,Tanzania,TZA,..,..,31,29,29,29,29,29,29,27.5,29.5,..
Time required to start a business (days),IC.REG.DURS,Thailand,THA,..,..,32,31,31,31,31,29,6,6,6,..
Time required to start a business (days),IC.REG.DURS,Timor-Leste,TLS,..,..,94,94,94,15,14,14,13,13,13,..
Time required to start a business (days),IC.REG.DURS,Togo,TGO,..,..,84,38,19,10,10,6,6,5.5,2.5,..
Time required to start a business (days),IC.REG.DURS,Tonga,TON,..,..,16,16,16,16,16,16,16,16,16,..
Time required to start a business (days),IC.REG.DURS,Trinidad and Tobago,TTO,..,..,40,40,35.5,11.5,11.5,10.5,10.5,10.5,10.5,..
Time required to start a business (days),IC.REG.DURS,Tunisia,TUN,..,..,13,13,13,13,13,13,13,9,9,..
Time required to start a business (days),IC.REG.DURS,Turkey,TUR,..,..,10.5,10.5,10.5,11,11,10,10,7,7,..
Time required to start a business (days),IC.REG.DURS,Turkmenistan,TKM,..,..,..,..,..,..,..,..,..,..,..,..
Time required to start a business (days),IC.REG.DURS,Turks and Caicos Islands,TCA,..,..,..,..,..,..,..,..,..,..,..,..
Time required to start a business (days),IC.REG.DURS,Tuvalu,TUV,..,..,..,..,..,..,..,..,..,..,..,..
Time required to start a business (days),IC.REG.DURS,Uganda,UGA,..,..,26,29,28,28,27,26,24,24,24,..
Time required to start a business (days),IC.REG.DURS,Ukraine,UKR,..,..,25,23,22,22,8,6.5,6.5,6.5,6.5,..
Time required to start a business (days),IC.REG.DURS,United Arab Emirates,ARE,..,..,13.2,8.2,8.2,8.3,8.3,8.3,8.3,3.8,3.8,..
Time required to start a business (days),IC.REG.DURS,United Kingdom,GBR,..,..,11.5,11.5,11.5,6,4.5,4.5,4.5,4.5,4.5,..
Time required to start a business (days),IC.REG.DURS,United States,USA,..,..,..,..,6.2,5.6,5.6,5.6,5.6,5.6,4.2,..
Time required to start a business (days),IC.REG.DURS,Uruguay,URY,..,..,6.5,6.5,6.5,6.5,6.5,6.5,6.5,6.5,6.5,..
Time required to start a business (days),IC.REG.DURS,Uzbekistan,UZB,..,..,13,11,7.5,7.5,5.5,5.5,5,3,3,..
Time required to start a business (days),IC.REG.DURS,Vanuatu,VUT,..,..,33,33,35,35,35,18,18,18,18,..
Time required to start a business (days),IC.REG.DURS,"Venezuela, RB",VEN,..,..,141,144,144,144,186,230,230,230,230,..
Time required to start a business (days),IC.REG.DURS,Vietnam,VNM,..,..,36,32,34,34,20,24,22,17,16,..
Time required to start a business (days),IC.REG.DURS,Virgin Islands (U.S.),VIR,..,..,..,..,..,..,..,..,..,..,..,..
Time required to start a business (days),IC.REG.DURS,West Bank and Gaza,PSE,..,..,62.5,49.5,47.5,43.5,43.5,43.5,43.5,43.5,43.5,..
Time required to start a business (days),IC.REG.DURS,"Yemen, Rep.",YEM,..,..,12.5,40.5,40.5,40.5,40.5,40.5,40.5,40.5,40.5,..
Time required to start a business (days),IC.REG.DURS,Zambia,ZMB,..,..,19,18.5,8.5,8.5,8.5,8.5,8.5,8.5,8.5,..
Time required to start a business (days),IC.REG.DURS,Zimbabwe,ZWE,..,..,87,87,91,91,91,91,61,32,27,..
Time required to start a business (days),IC.REG.DURS,Africa Eastern and Southern,AFE,..,..,37.3958333333333,35.4,33.12,32.32,32.0384615384615,31.5769230769231,29.2884615384615,27.8269230769231,26.8269230769231,..
Time required to start a business (days),IC.REG.DURS,Africa Western and Central,AFW,..,..,37.6190476190476,35.7619047619048,29.3318181818182,25.4227272727273,25.1727272727273,24.2,17.9045454545455,17.7454545454545,15.2590909090909,..
Time required to start a business (days),IC.REG.DURS,Arab World,ARB,..,..,21.085,21.8428571428571,20.6047619047619,19.6095238095238,22.2,23.3090909090909,21.5590909090909,20.6727272727273,19.6545454545455,..
Time required to start a business (days),IC.REG.DURS,Caribbean small states,CSS,..,..,71.4230769230769,71.3461538461538,33.5769230769231,23.2692307692308,22.7307692307692,21.0384615384615,20.8846153846154,20.8846153846154,19.6538461538462,..
Time required to start a business (days),IC.REG.DURS,Central Europe and the Baltics,CEB,..,..,19.0909090909091,18.9090909090909,17.9090909090909,16.8181818181818,16.0909090909091,15.7272727272727,15.7272727272727,18,15.9090909090909,..
Time required to start a business (days),IC.REG.DURS,Early-demographic dividend,EAR,..,..,49.2148148148148,49.2607142857143,38.1803278688525,35.1213114754098,35.5311475409836,35.0377049180328,34.0459016393443,32.1885245901639,30.8311475409836,..
Time required to start a business (days),IC.REG.DURS,East Asia & Pacific,EAS,..,..,32.56,33.6538461538462,34.548275862069,30.7689655172414,27.6137931034483,25.6310344827586,24.948275862069,23.3655172413793,22.851724137931,..
Time required to start a business (days),IC.REG.DURS,East Asia & Pacific (excluding high income),EAP,..,..,38.5,39.8055555555556,41.59,36.135,36.105,33.235,32.345,30.45,29.73,..
Time required to start a business (days),IC.REG.DURS,East Asia & Pacific (IDA & IBRD countries),TEA,..,..,37.9166666666667,39.1842105263158,40.9428571428571,35.747619047619,35.7190476190476,32.9857142857143,32.1380952380952,30.3333333333333,29.647619047619,..
Time required to start a business (days),IC.REG.DURS,Euro area,EMU,..,..,15.5526315789474,15.1578947368421,14.4210526315789,12.3947368421053,11.4210526315789,10.8947368421053,10.3684210526316,10.4473684210526,9.81578947368421,..
Time required to start a business (days),IC.REG.DURS,Europe & Central Asia,ECS,..,..,16.6170212765957,16.625,15.5040816326531,14.2040816326531,12.2612244897959,11.8795918367347,11.5938775510204,12.552,11.762,..
Time required to start a business (days),IC.REG.DURS,Europe & Central Asia (excluding high income),ECA,..,..,19.3421052631579,18.2368421052632,16.21,15.3,13.065,12.855,12.155,12.73,11.78,..
Time required to start a business (days),IC.REG.DURS,Europe & Central Asia (IDA & IBRD countries),TEC,..,..,20.3095238095238,19.4285714285714,17.4409090909091,16.6136363636364,14.5818181818182,14.3909090909091,13.7545454545455,14.2772727272727,13.2772727272727,..
Time required to start a business (days),IC.REG.DURS,European Union,EUU,..,..,16.6296296296296,16.3703703703704,15.7777777777778,14.3518518518519,13.2407407407407,12.7222222222222,12.3518518518519,13.2777777777778,12.1666666666667,..
Time required to start a business (days),IC.REG.DURS,Fragile and conflict affected situations,FCS,..,..,44.4242424242424,43.5555555555556,39.1972972972973,34.7108108108108,37.6526315789474,37.7736842105263,36.2868421052632,35.5236842105263,34.6105263157895,..
Time required to start a business (days),IC.REG.DURS,Heavily indebted poor countries (HIPC),HPC,..,..,33.8289473684211,32.3684210526316,26.7368421052632,23.4473684210526,24.1666666666667,23.5769230769231,22.9871794871795,23.025641025641,22.5384615384615,..
Time required to start a business (days),IC.REG.DURS,High income,HIC,..,..,16.9203703703704,17.1218181818182,16.3333333333333,15.0087719298246,12.4245614035088,12.3157894736842,11.6228070175439,11.9396551724138,10.9689655172414,..
Time required to start a business (days),IC.REG.DURS,IBRD only,IBD,..,..,41.8770491803279,41,32.5691176470588,30.0102941176471,29.2764705882353,29.3044117647059,26.6941176470588,24.3544117647059,23.4367647058824,..
Time required to start a business (days),IC.REG.DURS,IDA & IBRD total,IBT,..,..,37.3984375,36.7022900763359,30.645,27.6928571428571,27.5078014184397,27.0078014184397,25.2524822695035,23.8475177304965,22.9673758865248,..
Time required to start a business (days),IC.REG.DURS,IDA blend,IDB,..,..,43.4615384615385,44.3076923076923,37.92,29.32,28.8533333333333,26.0933333333333,23.56,20.56,19.18,..
Time required to start a business (days),IC.REG.DURS,IDA only,IDX,..,..,30.8796296296296,30.1785714285714,26.4350877192982,24.5,25.0862068965517,24.551724137931,24,24.1034482758621,23.3965517241379,..
Time required to start a business (days),IC.REG.DURS,IDA total,IDA,..,..,33.3208955223881,32.8405797101449,28.8277777777778,25.5041666666667,25.8602739726027,24.8684931506849,23.9095890410959,23.3753424657534,22.5301369863014,..
Time required to start a business (days),IC.REG.DURS,Late-demographic dividend,LTE,..,..,19.6466666666667,18.58,18.99375,18.2625,15.5270833333333,15.74375,14.3270833333333,12.3208333333333,11.26875,..
Time required to start a business (days),IC.REG.DURS,Latin America & Caribbean,LCN,..,..,53.9516129032258,53.4354838709677,35.6515151515151,30.8030303030303,31.7242424242424,32.1787878787879,31.9363636363636,28.7575757575758,28.0909090909091,..
Time required to start a business (days),IC.REG.DURS,Latin America & Caribbean (excluding high income),LAC,..,..,66.4347826086957,65.8260869565217,41.56,36.08,37.096,38.156,37.836,33.7,33.42,..
Time required to start a business (days),IC.REG.DURS,Latin America & the Caribbean (IDA & IBRD countries),TLA,..,..,58.0357142857143,57.4642857142857,37.6333333333333,32.2666666666667,33.1133333333333,33.9633333333333,33.6966666666667,30.2,29.8,..
Time required to start a business (days),IC.REG.DURS,Least developed countries: UN classification,LDC,..,..,36.0714285714286,35.125,31.1622222222222,27.7777777777778,28.1847826086957,27.3152173913043,26.8260869565217,27,26.2173913043478,..
Time required to start a business (days),IC.REG.DURS,Low & middle income,LMY,..,..,38.6041666666667,37.7235772357724,31.275,28.2954545454545,28.0947368421053,27.5721804511278,25.7112781954887,24.2330827067669,23.3601503759398,..
Time required to start a business (days),IC.REG.DURS,Low income,LIC,..,..,27.875,26.68,23.92,22.52,23.7115384615385,23.1730769230769,22.4807692307692,22.8461538461538,22.0769230769231,..
Time required to start a business (days),IC.REG.DURS,Lower middle income,LMC,..,..,38.9489795918367,38.06,34.4145454545455,30.3581818181818,29.0018181818182,27.84,27.1127272727273,25.5527272727273,24.5418181818182,..
Time required to start a business (days),IC.REG.DURS,Middle East & North Africa,MEA,..,..,23.26,24.4857142857143,23.1047619047619,22.347619047619,22.4,23.4190476190476,21.2047619047619,20.3714285714286,19.5190476190476,..
Time required to start a business (days),IC.REG.DURS,Middle East & North Africa (excluding high income),MNA,..,..,25.625,27.9615384615385,26.2307692307692,25.4615384615385,26.0769230769231,26.1923076923077,25.5,24.8076923076923,24.8846153846154,..
Time required to start a business (days),IC.REG.DURS,Middle East & North Africa (IDA & IBRD countries),TMN,..,..,22.2727272727273,26.1666666666667,24.4583333333333,23.9583333333333,24.625,24.75,24,23.25,23.3333333333333,..
Time required to start a business (days),IC.REG.DURS,Middle income,MIC,..,..,41.2864583333333,40.5408163265306,32.9934579439252,29.6448598130841,29.1598130841121,28.6411214953271,26.496261682243,24.5700934579439,23.6719626168224,..
Time required to start a business (days),IC.REG.DURS,North America,NAC,..,..,5.5,5.5,5.85,5.55,3.55,3.55,3.55,3.55,2.85,..
Time required to start a business (days),IC.REG.DURS,Not classified,INX,..,..,..,..,..,..,..,..,..,..,..,..
Time required to start a business (days),IC.REG.DURS,OECD members,OED,..,..,15.0142857142857,14.3714285714286,12.4131578947368,11.3315789473684,10.5184210526316,10.0947368421053,10.0947368421053,10.0421052631579,9.47894736842105,..
Time required to start a business (days),IC.REG.DURS,Other small states,OSS,..,..,36.08,35.6923076923077,33.6153846153846,29.5961538461538,24.9076923076923,24.6538461538462,18.5384615384615,18.1346153846154,15.5769230769231,..
Time required to start a business (days),IC.REG.DURS,Pacific island small states,PSS,..,..,26.1111111111111,23.8888888888889,24.3333333333333,24.3333333333333,24.3333333333333,20.4444444444444,20.4444444444444,20.4444444444444,20.4444444444444,..
Time required to start a business (days),IC.REG.DURS,Post-demographic dividend,PST,..,..,15.9264705882353,15.75,14.8694444444444,13.7555555555556,12.4666666666667,11.8666666666667,11.5888888888889,11.6166666666667,11.1888888888889,..
Time required to start a business (days),IC.REG.DURS,Pre-demographic dividend,PRE,..,..,38.4705882352941,36.1571428571429,31.1055555555556,26.05,26.1702702702703,25.3486486486486,21.3486486486486,21.2405405405405,20.6540540540541,..
Time required to start a business (days),IC.REG.DURS,Small states,SST,..,..,43.9468085106383,43.1354166666667,31.8645833333333,26.8958333333333,24.2104166666667,22.8854166666667,19.53125,19.3125,17.59375,..
Time required to start a business (days),IC.REG.DURS,South Asia,SAS,..,..,24.1,19.3,18.875,17.25,16.5,16.1875,16.1,14.0625,14.5625,..
Time required to start a business (days),IC.REG.DURS,South Asia (IDA & IBRD),TSA,..,..,24.1,19.3,18.875,17.25,16.5,16.1875,16.1,14.0625,14.5625,..
Time required to start a business (days),IC.REG.DURS,Sub-Saharan Africa,SSF,..,..,37.5,35.5652173913044,31.3468085106383,29.0914893617021,28.8916666666667,28.1958333333333,24.0708333333333,23.20625,21.525,..
Time required to start a business (days),IC.REG.DURS,Sub-Saharan Africa (excluding high income),SSA,..,..,37.6022727272727,35.6222222222222,31.3326086956522,29.0282608695652,28.8255319148936,28.1148936170213,23.9021276595745,23.0191489361702,21.3021276595745,..
Time required to start a business (days),IC.REG.DURS,Sub-Saharan Africa (IDA & IBRD countries),TSS,..,..,37.5,35.5652173913044,31.3468085106383,29.0914893617021,28.8916666666667,28.1958333333333,24.0708333333333,23.20625,21.525,..
Time required to start a business (days),IC.REG.DURS,Upper middle income,UMC,..,..,43.7234042553191,43.125,31.4903846153846,28.8903846153846,29.3269230769231,29.4884615384615,25.8442307692308,23.5307692307692,22.7519230769231,..
Time required to start a business (days),IC.REG.DURS,World,WLD,..,..,31.8747126436782,31.3578651685393,26.7687830687831,24.2883597883598,23.3936842105263,22.9952631578947,21.4847368421053,20.5,19.5973821989529,..
,,,,,,,,,,,,,,,
,,,,,,,,,,,,,,,
,,,,,,,,,,,,,,,
Data from database: World Development Indicators,,,,,,,,,,,,,,,
Last Updated: 06/30/2021,,,,,,,,,,,,,,,
